timestamp,packet_count
2025-09-09 20:54:00,921
2025-09-09 20:55:00,286
2025-09-09 20:56:00,0
2025-09-09 20:57:00,0
2025-09-09 20:58:00,0
2025-09-09 20:59:00,0
2025-09-09 21:00:00,0
2025-09-09 21:01:00,0
2025-09-09 21:02:00,0
2025-09-09 21:03:00,0
2025-09-09 21:04:00,0
2025-09-09 21:05:00,0
2025-09-09 21:06:00,0
2025-09-09 21:07:00,0
2025-09-09 21:08:00,0
2025-09-09 21:09:00,0
2025-09-09 21:10:00,0
2025-09-09 21:11:00,0
2025-09-09 21:12:00,0
2025-09-09 21:13:00,0
2025-09-09 21:14:00,0
2025-09-09 21:15:00,0
2025-09-09 21:16:00,0
2025-09-09 21:17:00,0
2025-09-09 21:18:00,0
2025-09-09 21:19:00,0
2025-09-09 21:20:00,0
2025-09-09 21:21:00,0
2025-09-09 21:22:00,0
2025-09-09 21:23:00,0
2025-09-09 21:24:00,0
2025-09-09 21:25:00,0
2025-09-09 21:26:00,0
2025-09-09 21:27:00,0
2025-09-09 21:28:00,0
2025-09-09 21:29:00,0
2025-09-09 21:30:00,0
2025-09-09 21:31:00,0
2025-09-09 21:32:00,0
2025-09-09 21:33:00,0
2025-09-09 21:34:00,0
2025-09-09 21:35:00,0
2025-09-09 21:36:00,0
2025-09-09 21:37:00,0
2025-09-09 21:38:00,0
2025-09-09 21:39:00,0
2025-09-09 21:40:00,0
2025-09-09 21:41:00,0
2025-09-09 21:42:00,0
2025-09-09 21:43:00,0
2025-09-09 21:44:00,0
2025-09-09 21:45:00,0
2025-09-09 21:46:00,0
2025-09-09 21:47:00,0
2025-09-09 21:48:00,0
2025-09-09 21:49:00,0
2025-09-09 21:50:00,0
2025-09-09 21:51:00,0
2025-09-09 21:52:00,0
2025-09-09 21:53:00,0
2025-09-09 21:54:00,0
2025-09-09 21:55:00,0
2025-09-09 21:56:00,0
2025-09-09 21:57:00,197
2025-09-09 21:58:00,1002
